date,usd_rate,usd_ffill
2020-01-01,1157.8,True
2020-01-02,1157.8,False
2020-01-03,1156.9,False
2020-01-04,1162.7,True
2020-01-05,1162.7,True
2020-01-06,1162.7,False
2020-01-07,1169.6,False
2020-01-08,1165.3,False
2020-01-09,1174.1,False
2020-01-10,1160.0,False
2020-01-11,1161.1,True
2020-01-12,1161.1,True
2020-01-13,1161.1,False
2020-01-14,1155.7,False
2020-01-15,1153.1,False
2020-01-16,1158.8,False
2020-01-17,1159.6,False
2020-01-18,1158.8,True
2020-01-19,1158.8,True
2020-01-20,1158.8,False
2020-01-21,1158.8,False
2020-01-22,1164.7,False
2020-01-23,1165.1,False
2020-01-24,1167.2,True
2020-01-25,1167.2,True
2020-01-26,1167.2,True
2020-01-27,1167.2,True
2020-01-28,1167.2,False
2020-01-29,1176.7,False
2020-01-30,1176.0,False
2020-01-31,1183.5,False
2020-02-01,1187.8,True
2020-02-02,1187.8,True
2020-02-03,1187.8,False
2020-02-04,1196.0,False
2020-02-05,1189.4,False
2020-02-06,1188.5,False
2020-02-07,1181.4,False
2020-02-08,1187.2,True
2020-02-09,1187.2,True
2020-02-10,1187.2,False
2020-02-11,1189.8,False
2020-02-12,1184.1,False
2020-02-13,1179.8,False
2020-02-14,1181.5,False
2020-02-15,1183.5,True
2020-02-16,1183.5,True
2020-02-17,1183.5,False
2020-02-18,1182.2,False
2020-02-19,1188.1,False
2020-02-20,1190.8,False
2020-02-21,1197.0,False
2020-02-22,1205.6,True
2020-02-23,1205.6,True
2020-02-24,1205.6,False
2020-02-25,1217.7,False
2020-02-26,1212.7,False
2020-02-27,1216.8,False
2020-02-28,1215.9,False
2020-02-29,1215.3,True
2020-03-01,1215.3,True
2020-03-02,1215.3,False
2020-03-03,1200.3,False
2020-03-04,1191.4,False
2020-03-05,1186.4,False
2020-03-06,1185.0,False
2020-03-07,1191.4,True
2020-03-08,1191.4,True
2020-03-09,1191.4,False
2020-03-10,1201.4,False
2020-03-11,1196.7,False
2020-03-12,1192.8,False
2020-03-13,1202.0,False
2020-03-14,1222.2,True
2020-03-15,1222.2,True
2020-03-16,1222.2,False
2020-03-17,1219.6,False
2020-03-18,1241.2,False
2020-03-19,1237.8,False
2020-03-20,1280.1,False
2020-03-21,1254.1,True
2020-03-22,1254.1,True
2020-03-23,1254.1,False
2020-03-24,1274.6,False
2020-03-25,1256.0,False
2020-03-26,1230.7,False
2020-03-27,1227.9,False
2020-03-28,1212.4,True
2020-03-29,1212.4,True
2020-03-30,1212.4,False
2020-03-31,1222.6,False
2020-04-01,1220.0,False
2020-04-02,1222.2,False
2020-04-03,1237.6,False
2020-04-04,1229.8,True
2020-04-05,1229.8,True
2020-04-06,1229.8,False
2020-04-07,1233.4,False
2020-04-08,1222.4,False
2020-04-09,1219.7,False
2020-04-10,1216.4,False
2020-04-11,1212.3,True
2020-04-12,1212.3,True
2020-04-13,1212.3,False
2020-04-14,1218.7,False
2020-04-15,1216.7,True
2020-04-16,1216.7,False
2020-04-17,1227.5,False
2020-04-18,1219.3,True
2020-04-19,1219.3,True
2020-04-20,1219.3,False
2020-04-21,1218.7,False
2020-04-22,1231.3,False
2020-04-23,1235.2,False
2020-04-24,1232.0,False
2020-04-25,1235.8,True
2020-04-26,1235.8,True
2020-04-27,1235.8,False
2020-04-28,1230.3,False
2020-04-29,1225.2,False
2020-04-30,1218.5,True
2020-05-01,1218.5,True
2020-05-02,1218.5,True
2020-05-03,1218.5,True
2020-05-04,1218.5,False
2020-05-05,1227.8,True
2020-05-06,1227.8,False
2020-05-07,1223.3,False
2020-05-08,1226.5,False
2020-05-09,1217.7,True
2020-05-10,1217.7,True
2020-05-11,1217.7,False
2020-05-12,1217.8,False
2020-05-13,1226.7,False
2020-05-14,1226.3,False
2020-05-15,1227.9,False
2020-05-16,1229.3,True
2020-05-17,1229.3,True
2020-05-18,1229.3,False
2020-05-19,1231.6,False
2020-05-20,1224.5,False
2020-05-21,1227.8,False
2020-05-22,1230.7,False
2020-05-23,1236.2,True
2020-05-24,1236.2,True
2020-05-25,1236.2,False
2020-05-26,1242.0,False
2020-05-27,1237.1,False
2020-05-28,1233.7,False
2020-05-29,1239.4,False
2020-05-30,1237.6,True
2020-05-31,1237.6,True
2020-06-01,1237.6,False
2020-06-02,1227.8,False
2020-06-03,1224.1,False
2020-06-04,1216.9,False
2020-06-05,1217.4,False
2020-06-06,1213.1,True
2020-06-07,1213.1,True
2020-06-08,1213.1,False
2020-06-09,1204.2,False
2020-06-10,1197.7,False
2020-06-11,1194.4,False
2020-06-12,1192.8,False
2020-06-13,1206.6,True
2020-06-14,1206.6,True
2020-06-15,1206.6,False
2020-06-16,1210.8,False
2020-06-17,1206.6,False
2020-06-18,1214.5,False
2020-06-19,1213.0,False
2020-06-20,1212.0,True
2020-06-21,1212.0,True
2020-06-22,1212.0,False
2020-06-23,1213.2,False
2020-06-24,1210.1,False
2020-06-25,1202.9,False
2020-06-26,1205.2,False
2020-06-27,1198.6,True
2020-06-28,1198.6,True
2020-06-29,1198.6,False
2020-06-30,1200.7,False
2020-07-01,1198.5,False
2020-07-02,1201.6,False
2020-07-03,1201.0,False
2020-07-04,1200.4,True
2020-07-05,1200.4,True
2020-07-06,1200.4,False
2020-07-07,1196.8,False
2020-07-08,1192.9,False
2020-07-09,1195.8,False
2020-07-10,1194.5,False
2020-07-11,1202.4,True
2020-07-12,1202.4,True
2020-07-13,1202.4,False
2020-07-14,1200.3,False
2020-07-15,1206.4,False
2020-07-16,1200.7,False
2020-07-17,1204.1,False
2020-07-18,1205.7,True
2020-07-19,1205.7,True
2020-07-20,1205.7,False
2020-07-21,1203.7,False
2020-07-22,1198.1,False
2020-07-23,1193.7,False
2020-07-24,1198.5,False
2020-07-25,1201.3,True
2020-07-26,1201.3,True
2020-07-27,1201.3,False
2020-07-28,1196.6,False
2020-07-29,1195.1,False
2020-07-30,1195.2,False
2020-07-31,1191.4,False
2020-08-01,1189.1,True
2020-08-02,1189.1,True
2020-08-03,1189.1,False
2020-08-04,1193.7,False
2020-08-05,1193.5,False
2020-08-06,1190.3,False
2020-08-07,1184.3,False
2020-08-08,1185.9,True
2020-08-09,1185.9,True
2020-08-10,1185.9,False
2020-08-11,1186.7,False
2020-08-12,1184.9,False
2020-08-13,1186.0,False
2020-08-14,1183.6,False
2020-08-15,1185.8,True
2020-08-16,1185.8,True
2020-08-17,1185.8,True
2020-08-18,1185.8,False
2020-08-19,1185.1,False
2020-08-20,1182.3,False
2020-08-21,1186.3,False
2020-08-22,1185.3,True
2020-08-23,1185.3,True
2020-08-24,1185.3,False
2020-08-25,1190.0,False
2020-08-26,1186.3,False
2020-08-27,1187.0,False
2020-08-28,1185.7,False
2020-08-29,1185.1,True
2020-08-30,1185.1,True
2020-08-31,1185.1,False
2020-09-01,1183.3,False
2020-09-02,1184.6,False
2020-09-03,1186.2,False
2020-09-04,1187.5,False
2020-09-05,1190.2,True
2020-09-06,1190.2,True
2020-09-07,1190.2,False
2020-09-08,1187.2,False
2020-09-09,1187.9,False
2020-09-10,1189.6,False
2020-09-11,1185.3,False
2020-09-12,1188.3,True
2020-09-13,1188.3,True
2020-09-14,1188.3,False
2020-09-15,1184.2,False
2020-09-16,1180.5,False
2020-09-17,1177.8,False
2020-09-18,1175.4,False
2020-09-19,1163.6,True
2020-09-20,1163.6,True
2020-09-21,1163.6,False
2020-09-22,1160.6,False
2020-09-23,1163.9,False
2020-09-24,1164.4,False
2020-09-25,1170.3,False
2020-09-26,1170.5,True
2020-09-27,1170.5,True
2020-09-28,1170.5,False
2020-09-29,1173.5,False
2020-09-30,1169.5,True
2020-10-01,1169.5,True
2020-10-02,1169.5,True
2020-10-03,1169.5,True
2020-10-04,1169.5,True
2020-10-05,1169.5,False
2020-10-06,1163.4,False
2020-10-07,1160.0,False
2020-10-08,1162.5,False
2020-10-09,1156.2,True
2020-10-10,1156.2,True
2020-10-11,1156.2,True
2020-10-12,1156.2,False
2020-10-13,1148.3,False
2020-10-14,1149.5,False
2020-10-15,1145.7,False
2020-10-16,1144.6,False
2020-10-17,1145.6,True
2020-10-18,1145.6,True
2020-10-19,1145.6,False
2020-10-20,1142.2,False
2020-10-21,1139.7,False
2020-10-22,1133.7,False
2020-10-23,1134.1,False
2020-10-24,1134.6,True
2020-10-25,1134.6,True
2020-10-26,1134.6,False
2020-10-27,1129.1,False
2020-10-28,1127.6,False
2020-10-29,1129.3,False
2020-10-30,1133.4,False
2020-10-31,1130.4,True
2020-11-01,1130.4,True
2020-11-02,1130.4,False
2020-11-03,1134.7,False
2020-11-04,1134.6,False
2020-11-05,1136.5,False
2020-11-06,1130.9,False
2020-11-07,1124.4,True
2020-11-08,1124.4,True
2020-11-09,1124.4,False
2020-11-10,1115.6,False
2020-11-11,1115.9,False
2020-11-12,1112.4,False
2020-11-13,1113.2,False
2020-11-14,1115.1,True
2020-11-15,1115.1,True
2020-11-16,1115.1,False
2020-11-17,1108.0,False
2020-11-18,1106.8,False
2020-11-19,1105.9,False
2020-11-20,1112.2,False
2020-11-21,1114.2,True
2020-11-22,1114.2,True
2020-11-23,1114.2,False
2020-11-24,1112.6,False
2020-11-25,1111.2,False
2020-11-26,1107.2,False
2020-11-27,1105.8,False
2020-11-28,1104.4,True
2020-11-29,1104.4,True
2020-11-30,1104.4,False
2020-12-01,1104.9,False
2020-12-02,1107.1,False
2020-12-03,1103.3,False
2020-12-04,1098.1,False
2020-12-05,1086.6,True
2020-12-06,1086.6,True
2020-12-07,1086.6,False
2020-12-08,1082.7,False
2020-12-09,1084.4,False
2020-12-10,1083.6,False
2020-12-11,1086.2,False
2020-12-12,1089.3,True
2020-12-13,1089.3,True
2020-12-14,1089.3,False
2020-12-15,1090.8,False
2020-12-16,1093.2,False
2020-12-17,1092.2,False
2020-12-18,1092.8,False
2020-12-19,1097.9,True
2020-12-20,1097.9,True
2020-12-21,1097.9,False
2020-12-22,1101.2,False
2020-12-23,1106.6,False
2020-12-24,1108.9,False
2020-12-25,1103.7,True
2020-12-26,1103.7,True
2020-12-27,1103.7,True
2020-12-28,1103.7,False
2020-12-29,1098.2,False
2020-12-30,1093.2,False
2020-12-31,1088.0,False
2021-01-01,1088.0,True
2021-01-02,1088.0,True
2021-01-03,1088.0,True
2021-01-04,1088.0,False
2021-01-05,1083.1,False
2021-01-06,1086.1,False
2021-01-07,1086.8,False
2021-01-08,1087.7,False
2021-01-09,1094.4,True
2021-01-10,1094.4,True
2021-01-11,1094.4,False
2021-01-12,1097.8,False
2021-01-13,1099.9,False
2021-01-14,1095.0,False
2021-01-15,1100.3,False
2021-01-16,1097.9,True
2021-01-17,1097.9,True
2021-01-18,1097.9,False
2021-01-19,1104.4,False
2021-01-20,1102.1,False
2021-01-21,1100.0,False
2021-01-22,1099.2,False
2021-01-23,1102.3,True
2021-01-24,1102.3,True
2021-01-25,1102.3,False
2021-01-26,1103.2,False
2021-01-27,1103.0,False
2021-01-28,1104.0,False
2021-01-29,1114.6,False
2021-01-30,1117.2,True
2021-01-31,1117.2,True
2021-02-01,1117.2,False
2021-02-02,1118.0,False
2021-02-03,1116.6,False
2021-02-04,1114.0,False
2021-02-05,1116.7,False
2021-02-06,1124.0,True
2021-02-07,1124.0,True
2021-02-08,1124.0,False
2021-02-09,1119.1,False
2021-02-10,1116.0,False
2021-02-11,1110.1,True
2021-02-12,1110.1,True
2021-02-13,1110.1,True
2021-02-14,1110.1,True
2021-02-15,1110.1,False
2021-02-16,1103.1,False
2021-02-17,1099.7,False
2021-02-18,1107.7,False
2021-02-19,1105.7,False
2021-02-20,1107.1,True
2021-02-21,1107.1,True
2021-02-22,1107.1,False
2021-02-23,1106.5,False
2021-02-24,1110.8,False
2021-02-25,1110.2,False
2021-02-26,1108.4,False
2021-02-27,1121.8,True
2021-02-28,1121.8,True
2021-03-01,1121.8,True
2021-03-02,1121.8,False
2021-03-03,1121.3,False
2021-03-04,1122.9,False
2021-03-05,1126.2,False
2021-03-06,1129.4,True
2021-03-07,1129.4,True
2021-03-08,1129.4,False
2021-03-09,1131.3,False
2021-03-10,1141.1,False
2021-03-11,1140.7,False
2021-03-12,1137.3,False
2021-03-13,1130.7,True
2021-03-14,1130.7,True
2021-03-15,1130.7,False
2021-03-16,1135.9,False
2021-03-17,1132.5,False
2021-03-18,1131.8,False
2021-03-19,1123.7,False
2021-03-20,1131.8,True
2021-03-21,1131.8,True
2021-03-22,1131.8,False
2021-03-23,1131.3,False
2021-03-24,1128.0,False
2021-03-25,1133.5,False
2021-03-26,1134.2,False
2021-03-27,1131.8,True
2021-03-28,1131.8,True
2021-03-29,1131.8,False
2021-03-30,1131.7,False
2021-03-31,1133.5,False
2021-04-01,1132.6,False
2021-04-02,1129.3,False
2021-04-03,1127.5,True
2021-04-04,1127.5,True
2021-04-05,1127.5,False
2021-04-06,1127.8,False
2021-04-07,1122.9,False
2021-04-08,1116.4,False
2021-04-09,1118.5,False
2021-04-10,1117.2,True
2021-04-11,1117.2,True
2021-04-12,1117.2,False
2021-04-13,1124.3,False
2021-04-14,1126.1,False
2021-04-15,1119.9,False
2021-04-16,1117.6,False
2021-04-17,1117.9,True
2021-04-18,1117.9,True
2021-04-19,1117.9,False
2021-04-20,1118.2,False
2021-04-21,1113.4,False
2021-04-22,1117.4,False
2021-04-23,1116.3,False
2021-04-24,1118.9,True
2021-04-25,1118.9,True
2021-04-26,1118.9,False
2021-04-27,1114.0,False
2021-04-28,1110.8,False
2021-04-29,1112.5,False
2021-04-30,1107.4,False
2021-05-01,1109.6,True
2021-05-02,1109.6,True
2021-05-03,1109.6,False
2021-05-04,1119.3,False
2021-05-05,1121.1,True
2021-05-06,1121.1,False
2021-05-07,1125.5,False
2021-05-08,1121.4,True
2021-05-09,1121.4,True
2021-05-10,1121.4,False
2021-05-11,1114.6,False
2021-05-12,1119.1,False
2021-05-13,1123.5,False
2021-05-14,1130.6,False
2021-05-15,1129.5,True
2021-05-16,1129.5,True
2021-05-17,1129.5,False
2021-05-18,1133.0,False
2021-05-19,1133.1,True
2021-05-20,1133.1,False
2021-05-21,1132.2,False
2021-05-22,1126.9,True
2021-05-23,1126.9,True
2021-05-24,1126.9,False
2021-05-25,1127.6,False
2021-05-26,1122.8,False
2021-05-27,1118.6,False
2021-05-28,1118.0,False
2021-05-29,1116.0,True
2021-05-30,1116.0,True
2021-05-31,1116.0,False
2021-06-01,1113.5,False
2021-06-02,1107.0,False
2021-06-03,1110.3,False
2021-06-04,1111.8,False
2021-06-05,1117.5,True
2021-06-06,1117.5,True
2021-06-07,1117.5,False
2021-06-08,1111.2,False
2021-06-09,1113.7,False
2021-06-10,1115.8,False
2021-06-11,1115.0,False
2021-06-12,1111.2,True
2021-06-13,1111.2,True
2021-06-14,1111.2,False
2021-06-15,1116.4,False
2021-06-16,1117.8,False
2021-06-17,1117.7,False
2021-06-18,1129.5,False
2021-06-19,1132.2,True
2021-06-20,1132.2,True
2021-06-21,1132.2,False
2021-06-22,1135.4,False
2021-06-23,1132.4,False
2021-06-24,1135.6,False
2021-06-25,1135.8,False
2021-06-26,1128.8,True
2021-06-27,1128.8,True
2021-06-28,1128.8,False
2021-06-29,1129.9,False
2021-06-30,1130.0,False
2021-07-01,1129.5,False
2021-07-02,1132.2,False
2021-07-03,1134.5,True
2021-07-04,1134.5,True
2021-07-05,1134.5,False
2021-07-06,1130.3,False
2021-07-07,1131.8,False
2021-07-08,1137.6,False
2021-07-09,1143.4,False
2021-07-10,1148.3,True
2021-07-11,1148.3,True
2021-07-12,1148.3,False
2021-07-13,1146.4,False
2021-07-14,1145.1,False
2021-07-15,1150.3,False
2021-07-16,1143.7,False
2021-07-17,1141.1,True
2021-07-18,1141.1,True
2021-07-19,1141.1,False
2021-07-20,1145.7,False
2021-07-21,1151.0,False
2021-07-22,1150.6,False
2021-07-23,1151.0,False
2021-07-24,1149.5,True
2021-07-25,1149.5,True
2021-07-26,1149.5,False
2021-07-27,1153.2,False
2021-07-28,1150.2,False
2021-07-29,1154.8,False
2021-07-30,1147.4,False
2021-07-31,1147.5,True
2021-08-01,1147.5,True
2021-08-02,1147.5,False
2021-08-03,1151.5,False
2021-08-04,1150.7,False
2021-08-05,1145.8,False
2021-08-06,1143.5,False
2021-08-07,1142.3,True
2021-08-08,1142.3,True
2021-08-09,1142.3,False
2021-08-10,1145.0,False
2021-08-11,1148.5,False
2021-08-12,1155.0,False
2021-08-13,1158.9,False
2021-08-14,1167.8,True
2021-08-15,1167.8,True
2021-08-16,1167.8,True
2021-08-17,1167.8,False
2021-08-18,1174.9,False
2021-08-19,1172.7,False
2021-08-20,1174.5,False
2021-08-21,1176.7,True
2021-08-22,1176.7,True
2021-08-23,1176.7,False
2021-08-24,1174.0,False
2021-08-25,1168.0,False
2021-08-26,1166.5,False
2021-08-27,1168.1,False
2021-08-28,1170.8,True
2021-08-29,1170.8,True
2021-08-30,1170.8,False
2021-08-31,1164.4,False
2021-09-01,1162.8,False
2021-09-02,1157.5,False
2021-09-03,1159.7,False
2021-09-04,1156.4,True
2021-09-05,1156.4,True
2021-09-06,1156.4,False
2021-09-07,1157.3,False
2021-09-08,1157.9,False
2021-09-09,1164.5,False
2021-09-10,1170.1,False
2021-09-11,1170.4,True
2021-09-12,1170.4,True
2021-09-13,1170.4,False
2021-09-14,1174.3,False
2021-09-15,1172.2,False
2021-09-16,1171.7,False
2021-09-17,1169.1,False
2021-09-18,1177.6,True
2021-09-19,1177.6,True
2021-09-20,1177.6,True
2021-09-21,1177.6,True
2021-09-22,1177.6,True
2021-09-23,1177.6,False
2021-09-24,1181.7,False
2021-09-25,1175.3,True
2021-09-26,1175.3,True
2021-09-27,1175.3,False
2021-09-28,1175.9,False
2021-09-29,1182.0,False
2021-09-30,1184.9,False
2021-10-01,1185.2,False
2021-10-02,1187.2,True
2021-10-03,1187.2,True
2021-10-04,1187.2,True
2021-10-05,1187.2,False
2021-10-06,1187.1,False
2021-10-07,1190.0,False
2021-10-08,1190.3,False
2021-10-09,1193.4,True
2021-10-10,1193.4,True
2021-10-11,1193.4,True
2021-10-12,1193.4,False
2021-10-13,1199.1,False
2021-10-14,1195.0,False
2021-10-15,1188.3,False
2021-10-16,1182.8,True
2021-10-17,1182.8,True
2021-10-18,1182.8,False
2021-10-19,1185.8,False
2021-10-20,1181.7,False
2021-10-21,1175.6,False
2021-10-22,1175.8,False
2021-10-23,1178.4,True
2021-10-24,1178.4,True
2021-10-25,1178.4,False
2021-10-26,1171.8,False
2021-10-27,1166.3,False
2021-10-28,1168.1,False
2021-10-29,1171.7,False
2021-10-30,1169.6,True
2021-10-31,1169.6,True
2021-11-01,1169.6,False
2021-11-02,1176.3,False
2021-11-03,1175.5,False
2021-11-04,1181.1,False
2021-11-05,1180.0,False
2021-11-06,1185.2,True
2021-11-07,1185.2,True
2021-11-08,1185.2,False
2021-11-09,1184.3,False
2021-11-10,1178.4,False
2021-11-11,1181.0,False
2021-11-12,1184.7,False
2021-11-13,1179.6,True
2021-11-14,1179.6,True
2021-11-15,1179.6,False
2021-11-16,1180.2,False
2021-11-17,1179.6,False
2021-11-18,1183.6,False
2021-11-19,1180.5,False
2021-11-20,1183.5,True
2021-11-21,1183.5,True
2021-11-22,1183.5,False
2021-11-23,1187.4,False
2021-11-24,1188.9,False
2021-11-25,1188.5,False
2021-11-26,1189.7,False
2021-11-27,1193.0,True
2021-11-28,1193.0,True
2021-11-29,1193.0,False
2021-11-30,1193.4,False
2021-12-01,1187.7,False
2021-12-02,1180.3,False
2021-12-03,1177.3,False
2021-12-04,1178.6,True
2021-12-05,1178.6,True
2021-12-06,1178.6,False
2021-12-07,1183.7,False
2021-12-08,1181.2,False
2021-12-09,1176.4,False
2021-12-10,1173.8,False
2021-12-11,1178.2,True
2021-12-12,1178.2,True
2021-12-13,1178.2,False
2021-12-14,1178.8,False
2021-12-15,1183.6,False
2021-12-16,1186.2,False
2021-12-17,1183.5,False
2021-12-18,1184.4,True
2021-12-19,1184.4,True
2021-12-20,1184.4,False
2021-12-21,1189.8,False
2021-12-22,1191.5,False
2021-12-23,1191.2,False
2021-12-24,1187.5,False
2021-12-25,1186.4,True
2021-12-26,1186.4,True
2021-12-27,1186.4,False
2021-12-28,1186.2,False
2021-12-29,1186.7,False
2021-12-30,1186.6,False
2021-12-31,1185.5,False
2022-01-01,1185.5,True
2022-01-02,1185.5,True
2022-01-03,1185.5,False
2022-01-04,1190.8,False
2022-01-05,1194.3,False
2022-01-06,1198.2,False
2022-01-07,1199.6,False
2022-01-08,1202.4,True
2022-01-09,1202.4,True
2022-01-10,1202.4,False
2022-01-11,1200.0,False
2022-01-12,1195.2,False
2022-01-13,1189.9,False
2022-01-14,1188.2,False
2022-01-15,1187.6,True
2022-01-16,1187.6,True
2022-01-17,1187.6,False
2022-01-18,1192.3,False
2022-01-19,1188.9,False
2022-01-20,1191.8,False
2022-01-21,1190.4,False
2022-01-22,1193.6,True
2022-01-23,1193.6,True
2022-01-24,1193.6,False
2022-01-25,1194.2,False
2022-01-26,1197.8,False
2022-01-27,1197.0,False
2022-01-28,1202.4,False
2022-01-29,1205.7,True
2022-01-30,1205.7,True
2022-01-31,1205.7,True
2022-02-01,1205.7,True
2022-02-02,1205.7,True
2022-02-03,1205.7,False
2022-02-04,1205.4,False
2022-02-05,1199.5,True
2022-02-06,1199.5,True
2022-02-07,1199.5,False
2022-02-08,1199.4,False
2022-02-09,1197.8,False
2022-02-10,1196.0,False
2022-02-11,1196.0,False
2022-02-12,1199.6,True
2022-02-13,1199.6,True
2022-02-14,1199.6,False
2022-02-15,1198.3,False
2022-02-16,1198.5,False
2022-02-17,1196.9,False
2022-02-18,1197.1,False
2022-02-19,1196.4,True
2022-02-20,1196.4,True
2022-02-21,1196.4,False
2022-02-22,1194.6,False
2022-02-23,1194.7,False
2022-02-24,1192.1,False
2022-02-25,1199.4,False
2022-02-26,1202.7,True
2022-02-27,1202.7,True
2022-02-28,1202.7,False
2022-03-01,1205.6,True
2022-03-02,1205.6,False
2022-03-03,1205.0,False
2022-03-04,1203.6,False
2022-03-05,1211.5,True
2022-03-06,1211.5,True
2022-03-07,1211.5,False
2022-03-08,1225.4,False
2022-03-09,1234.5,True
2022-03-10,1234.5,False
2022-03-11,1228.7,False
2022-03-12,1232.4,True
2022-03-13,1232.4,True
2022-03-14,1232.4,False
2022-03-15,1238.6,False
2022-03-16,1241.7,False
2022-03-17,1240.4,False
2022-03-18,1220.6,False
2022-03-19,1211.1,True
2022-03-20,1211.1,True
2022-03-21,1211.1,False
2022-03-22,1213.7,False
2022-03-23,1221.4,False
2022-03-24,1212.7,False
2022-03-25,1219.4,False
2022-03-26,1218.3,True
2022-03-27,1218.3,True
2022-03-28,1218.3,False
2022-03-29,1225.7,False
2022-03-30,1220.5,False
2022-03-31,1210.8,False
2022-04-01,1210.7,False
2022-04-02,1216.1,True
2022-04-03,1216.1,True
2022-04-04,1216.1,False
2022-04-05,1216.7,False
2022-04-06,1212.6,False
2022-04-07,1219.1,False
2022-04-08,1218.5,False
2022-04-09,1224.0,True
2022-04-10,1224.0,True
2022-04-11,1224.0,False
2022-04-12,1232.0,False
2022-04-13,1236.6,False
2022-04-14,1227.7,False
2022-04-15,1224.2,False
2022-04-16,1230.1,True
2022-04-17,1230.1,True
2022-04-18,1230.1,False
2022-04-19,1232.8,False
2022-04-20,1234.9,False
2022-04-21,1237.1,False
2022-04-22,1236.4,False
2022-04-23,1241.7,True
2022-04-24,1241.7,True
2022-04-25,1241.7,False
2022-04-26,1247.1,False
2022-04-27,1248.3,False
2022-04-28,1263.1,False
2022-04-29,1269.4,False
2022-04-30,1265.4,True
2022-05-01,1265.4,True
2022-05-02,1265.4,False
2022-05-03,1265.8,False
2022-05-04,1265.7,False
2022-05-05,1261.8,True
2022-05-06,1261.8,False
2022-05-07,1272.7,True
2022-05-08,1272.7,True
2022-05-09,1272.7,False
2022-05-10,1274.6,False
2022-05-11,1275.5,False
2022-05-12,1277.0,False
2022-05-13,1286.4,False
2022-05-14,1286.0,True
2022-05-15,1286.0,True
2022-05-16,1286.0,False
2022-05-17,1281.6,False
2022-05-18,1277.2,False
2022-05-19,1269.3,False
2022-05-20,1274.6,False
2022-05-21,1269.5,True
2022-05-22,1269.5,True
2022-05-23,1269.5,False
2022-05-24,1267.7,False
2022-05-25,1264.3,False
2022-05-26,1263.3,False
2022-05-27,1266.4,False
2022-05-28,1256.9,True
2022-05-29,1256.9,True
2022-05-30,1256.9,False
2022-05-31,1245.8,False
2022-06-01,1238.4,True
2022-06-02,1238.4,False
2022-06-03,1251.2,False
2022-06-04,1241.1,True
2022-06-05,1241.1,True
2022-06-06,1241.1,True
2022-06-07,1241.1,False
2022-06-08,1257.1,False
2022-06-09,1255.4,False
2022-06-10,1257.6,False
2022-06-11,1266.0,True
2022-06-12,1266.0,True
2022-06-13,1266.0,False
2022-06-14,1286.0,False
2022-06-15,1289.7,False
2022-06-16,1291.3,False
2022-06-17,1284.1,False
2022-06-18,1287.5,True
2022-06-19,1287.5,True
2022-06-20,1287.5,False
2022-06-21,1291.7,False
2022-06-22,1290.6,False
2022-06-23,1295.7,False
2022-06-24,1300.7,False
2022-06-25,1299.4,True
2022-06-26,1299.4,True
2022-06-27,1299.4,False
2022-06-28,1285.6,False
2022-06-29,1284.9,False
2022-06-30,1292.9,False
2022-07-01,1299.8,False
2022-07-02,1294.2,True
2022-07-03,1294.2,True
2022-07-04,1294.2,False
2022-07-05,1297.9,False
2022-07-06,1298.0,False
2022-07-07,1307.4,False
2022-07-08,1302.7,False
2022-07-09,1299.3,True
2022-07-10,1299.3,True
2022-07-11,1299.3,False
2022-07-12,1300.6,False
2022-07-13,1312.9,False
2022-07-14,1305.9,False
2022-07-15,1310.0,False
2022-07-16,1323.7,True
2022-07-17,1323.7,True
2022-07-18,1323.7,False
2022-07-19,1317.8,False
2022-07-20,1314.9,False
2022-07-21,1308.6,False
2022-07-22,1312.1,False
2022-07-23,1311.7,True
2022-07-24,1311.7,True
2022-07-25,1311.7,False
2022-07-26,1311.0,False
2022-07-27,1310.0,False
2022-07-28,1312.8,False
2022-07-29,1304.0,False
2022-07-30,1298.6,True
2022-07-31,1298.6,True
2022-08-01,1298.6,False
2022-08-02,1306.4,False
2022-08-03,1307.2,False
2022-08-04,1310.5,False
2022-08-05,1309.7,False
2022-08-06,1299.3,True
2022-08-07,1299.3,True
2022-08-08,1299.3,False
2022-08-09,1304.8,False
2022-08-10,1305.1,False
2022-08-11,1309.1,False
2022-08-12,1302.5,False
2022-08-13,1303.1,True
2022-08-14,1303.1,True
2022-08-15,1303.1,True
2022-08-16,1303.1,False
2022-08-17,1309.6,False
2022-08-18,1309.8,False
2022-08-19,1317.3,False
2022-08-20,1326.7,True
2022-08-21,1326.7,True
2022-08-22,1326.7,False
2022-08-23,1338.2,False
2022-08-24,1341.8,False
2022-08-25,1341.4,False
2022-08-26,1336.9,False
2022-08-27,1332.5,True
2022-08-28,1332.5,True
2022-08-29,1332.5,False
2022-08-30,1347.7,False
2022-08-31,1347.5,False
2022-09-01,1345.1,False
2022-09-02,1351.4,False
2022-09-03,1356.5,True
2022-09-04,1356.5,True
2022-09-05,1356.5,False
2022-09-06,1369.7,False
2022-09-07,1370.3,False
2022-09-08,1385.3,False
2022-09-09,1381.2,True
2022-09-10,1381.2,True
2022-09-11,1381.2,True
2022-09-12,1381.2,True
2022-09-13,1381.2,False
2022-09-14,1374.8,False
2022-09-15,1391.7,False
2022-09-16,1394.2,False
2022-09-17,1394.2,True
2022-09-18,1394.2,True
2022-09-19,1394.2,False
2022-09-20,1390.1,False
2022-09-21,1389.1,False
2022-09-22,1393.6,False
2022-09-23,1408.0,False
2022-09-24,1408.4,True
2022-09-25,1408.4,True
2022-09-26,1408.4,False
2022-09-27,1429.7,False
2022-09-28,1427.2,False
2022-09-29,1436.5,False
2022-09-30,1434.8,False
2022-10-01,1432.1,True
2022-10-02,1432.1,True
2022-10-03,1432.1,True
2022-10-04,1432.1,False
2022-10-05,1431.2,False
2022-10-06,1419.1,False
2022-10-07,1404.2,False
2022-10-08,1410.3,True
2022-10-09,1410.3,True
2022-10-10,1410.3,True
2022-10-11,1410.3,False
2022-10-12,1433.5,False
2022-10-13,1430.4,False
2022-10-14,1427.0,False
2022-10-15,1428.9,True
2022-10-16,1428.9,True
2022-10-17,1428.9,False
2022-10-18,1436.6,False
2022-10-19,1425.6,False
2022-10-20,1420.6,False
2022-10-21,1431.7,False
2022-10-22,1436.6,True
2022-10-23,1436.6,True
2022-10-24,1436.6,False
2022-10-25,1436.6,False
2022-10-26,1436.5,False
2022-10-27,1428.2,False
2022-10-28,1418.1,False
2022-10-29,1419.3,True
2022-10-30,1419.3,True
2022-10-31,1419.3,False
2022-11-01,1422.2,False
2022-11-02,1421.7,False
2022-11-03,1418.0,False
2022-11-04,1422.1,False
2022-11-05,1422.4,True
2022-11-06,1422.4,True
2022-11-07,1422.4,False
2022-11-08,1406.5,False
2022-11-09,1387.3,False
2022-11-10,1368.3,False
2022-11-11,1370.1,False
2022-11-12,1334.1,True
2022-11-13,1334.1,True
2022-11-14,1334.1,False
2022-11-15,1320.3,False
2022-11-16,1322.4,False
2022-11-17,1325.6,False
2022-11-18,1338.4,False
2022-11-19,1340.0,True
2022-11-20,1340.0,True
2022-11-21,1340.0,False
2022-11-22,1352.3,False
2022-11-23,1355.7,False
2022-11-24,1352.3,False
2022-11-25,1333.2,False
2022-11-26,1326.8,True
2022-11-27,1326.8,True
2022-11-28,1326.8,False
2022-11-29,1339.0,False
2022-11-30,1331.5,False
2022-12-01,1320.1,False
2022-12-02,1300.8,False
2022-12-03,1300.4,True
2022-12-04,1300.4,True
2022-12-05,1300.4,False
2022-12-06,1293.2,False
2022-12-07,1309.0,False
2022-12-08,1319.5,False
2022-12-09,1320.4,False
2022-12-10,1306.6,True
2022-12-11,1306.6,True
2022-12-12,1306.6,False
2022-12-13,1310.0,False
2022-12-14,1304.4,False
2022-12-15,1296.0,False
2022-12-16,1301.0,False
2022-12-17,1310.1,True
2022-12-18,1310.1,True
2022-12-19,1310.1,False
2022-12-20,1302.0,False
2022-12-21,1298.0,False
2022-12-22,1286.6,False
2022-12-23,1276.1,False
2022-12-24,1282.2,True
2022-12-25,1282.2,True
2022-12-26,1282.2,False
2022-12-27,1276.4,False
2022-12-28,1268.3,False
2022-12-29,1268.4,False
2022-12-30,1267.3,False
2022-12-31,1267.3,True
2023-01-01,1267.3,True
2023-01-02,1267.3,False
2023-01-03,1268.9,False
2023-01-04,1272.1,False
2023-01-05,1274.7,False
2023-01-06,1270.3,False
2023-01-07,1267.2,True
2023-01-08,1267.2,True
2023-01-09,1267.2,False
2023-01-10,1246.8,False
2023-01-11,1240.8,False
2023-01-12,1245.3,False
2023-01-13,1244.6,False
2023-01-14,1240.6,True
2023-01-15,1240.6,True
2023-01-16,1240.6,False
2023-01-17,1234.0,False
2023-01-18,1238.5,False
2023-01-19,1239.8,False
2023-01-20,1236.0,False
2023-01-21,1234.4,True
2023-01-22,1234.4,True
2023-01-23,1234.4,True
2023-01-24,1234.4,True
2023-01-25,1234.4,False
2023-01-26,1233.4,False
2023-01-27,1231.4,False
2023-01-28,1230.2,True
2023-01-29,1230.2,True
2023-01-30,1230.2,False
2023-01-31,1228.7,False
2023-02-01,1230.8,False
2023-02-02,1231.4,False
2023-02-03,1219.3,False
2023-02-04,1227.2,True
2023-02-05,1227.2,True
2023-02-06,1227.2,False
2023-02-07,1247.5,False
2023-02-08,1256.0,False
2023-02-09,1257.1,False
2023-02-10,1263.1,False
2023-02-11,1264.3,True
2023-02-12,1264.3,True
2023-02-13,1264.3,False
2023-02-14,1274.6,False
2023-02-15,1269.9,False
2023-02-16,1279.3,False
2023-02-17,1283.7,False
2023-02-18,1297.7,True
2023-02-19,1297.7,True
2023-02-20,1297.7,False
2023-02-21,1295.8,False
2023-02-22,1295.8,False
2023-02-23,1303.8,False
2023-02-24,1299.6,False
2023-02-25,1300.5,True
2023-02-26,1300.5,True
2023-02-27,1300.5,False
2023-02-28,1317.4,False
2023-03-01,1319.2,True
2023-03-02,1319.2,False
2023-03-03,1310.4,False
2023-03-04,1304.8,True
2023-03-05,1304.8,True
2023-03-06,1304.8,False
2023-03-07,1296.7,False
2023-03-08,1299.1,False
2023-03-09,1319.5,False
2023-03-10,1319.7,False
2023-03-11,1325.7,True
2023-03-12,1325.7,True
2023-03-13,1325.7,False
2023-03-14,1307.3,False
2023-03-15,1304.9,False
2023-03-16,1302.0,False
2023-03-17,1312.1,False
2023-03-18,1303.6,True
2023-03-19,1303.6,True
2023-03-20,1303.6,False
2023-03-21,1308.4,False
2023-03-22,1307.8,False
2023-03-23,1307.1,False
2023-03-24,1287.2,False
2023-03-25,1289.7,True
2023-03-26,1289.7,True
2023-03-27,1289.7,False
2023-03-28,1300.3,False
2023-03-29,1297.4,False
2023-03-30,1299.3,False
2023-03-31,1303.8,False
2023-04-01,1295.4,True
2023-04-02,1295.4,True
2023-04-03,1295.4,False
2023-04-04,1316.3,False
2023-04-05,1310.3,False
2023-04-06,1311.9,False
2023-04-07,1318.7,False
2023-04-08,1318.9,True
2023-04-09,1318.9,True
2023-04-10,1318.9,False
2023-04-11,1320.0,False
2023-04-12,1319.5,False
2023-04-13,1324.2,False
2023-04-14,1318.0,False
2023-04-15,1299.3,True
2023-04-16,1299.3,True
2023-04-17,1299.3,False
2023-04-18,1311.3,False
2023-04-19,1318.8,False
2023-04-20,1318.8,False
2023-04-21,1327.6,False
2023-04-22,1327.9,True
2023-04-23,1327.9,True
2023-04-24,1327.9,False
2023-04-25,1332.7,False
2023-04-26,1333.3,False
2023-04-27,1337.3,False
2023-04-28,1339.9,False
2023-04-29,1339.1,True
2023-04-30,1339.1,True
2023-05-01,1339.1,True
2023-05-02,1339.1,False
2023-05-03,1340.2,False
2023-05-04,1339.1,False
2023-05-05,1325.6,True
2023-05-06,1325.6,True
2023-05-07,1325.6,True
2023-05-08,1325.6,False
2023-05-09,1322.7,False
2023-05-10,1323.0,False
2023-05-11,1324.2,False
2023-05-12,1320.3,False
2023-05-13,1333.6,True
2023-05-14,1333.6,True
2023-05-15,1333.6,False
2023-05-16,1337.8,False
2023-05-17,1336.0,False
2023-05-18,1339.4,False
2023-05-19,1332.7,False
2023-05-20,1331.2,True
2023-05-21,1331.2,True
2023-05-22,1331.2,False
2023-05-23,1319.1,False
2023-05-24,1311.4,False
2023-05-25,1317.5,False
2023-05-26,1323.4,False
2023-05-27,1325.6,True
2023-05-28,1325.6,True
2023-05-29,1325.6,True
2023-05-30,1325.6,False
2023-05-31,1322.2,False
2023-06-01,1321.6,False
2023-06-02,1320.7,False
2023-06-03,1308.8,True
2023-06-04,1308.8,True
2023-06-05,1308.8,False
2023-06-06,1308.3,True
2023-06-07,1308.3,False
2023-06-08,1300.5,False
2023-06-09,1306.1,False
2023-06-10,1294.9,True
2023-06-11,1294.9,True
2023-06-12,1294.9,False
2023-06-13,1291.1,False
2023-06-14,1277.5,False
2023-06-15,1275.9,False
2023-06-16,1280.1,False
2023-06-17,1273.5,True
2023-06-18,1273.5,True
2023-06-19,1273.5,False
2023-06-20,1280.7,False
2023-06-21,1282.2,False
2023-06-22,1291.5,False
2023-06-23,1291.4,False
2023-06-24,1302.2,True
2023-06-25,1302.2,True
2023-06-26,1302.2,False
2023-06-27,1303.8,False
2023-06-28,1303.1,False
2023-06-29,1304.3,False
2023-06-30,1312.8,False
2023-07-01,1319.4,True
2023-07-02,1319.4,True
2023-07-03,1319.4,False
2023-07-04,1310.0,False
2023-07-05,1301.7,False
2023-07-06,1300.8,False
2023-07-07,1303.8,False
2023-07-08,1307.3,True
2023-07-09,1307.3,True
2023-07-10,1307.3,False
2023-07-11,1303.8,False
2023-07-12,1295.0,False
2023-07-13,1291.4,False
2023-07-14,1276.2,False
2023-07-15,1265.8,True
2023-07-16,1265.8,True
2023-07-17,1265.8,False
2023-07-18,1266.1,False
2023-07-19,1261.6,False
2023-07-20,1265.4,False
2023-07-21,1265.8,False
2023-07-22,1281.7,True
2023-07-23,1281.7,True
2023-07-24,1281.7,False
2023-07-25,1283.8,False
2023-07-26,1280.7,False
2023-07-27,1278.7,False
2023-07-28,1273.4,False
2023-07-29,1280.0,True
2023-07-30,1280.0,True
2023-07-31,1280.0,False
2023-08-01,1273.8,False
2023-08-02,1280.7,False
2023-08-03,1293.0,False
2023-08-04,1298.8,False
2023-08-05,1303.9,True
2023-08-06,1303.9,True
2023-08-07,1303.9,False
2023-08-08,1304.1,False
2023-08-09,1312.6,False
2023-08-10,1318.3,False
2023-08-11,1317.3,False
2023-08-12,1321.1,True
2023-08-13,1321.1,True
2023-08-14,1321.1,False
2023-08-15,1331.3,True
2023-08-16,1331.3,False
2023-08-17,1338.3,False
2023-08-18,1341.6,False
2023-08-19,1336.9,True
2023-08-20,1336.9,True
2023-08-21,1336.9,False
2023-08-22,1341.5,False
2023-08-23,1338.7,False
2023-08-24,1338.0,False
2023-08-25,1324.0,False
2023-08-26,1326.6,True
2023-08-27,1326.6,True
2023-08-28,1326.6,False
2023-08-29,1322.5,False
2023-08-30,1322.0,False
2023-08-31,1321.4,False
2023-09-01,1322.3,False
2023-09-02,1319.2,True
2023-09-03,1319.2,True
2023-09-04,1319.2,False
2023-09-05,1319.3,False
2023-09-06,1324.3,False
2023-09-07,1332.6,False
2023-09-08,1334.7,False
2023-09-09,1333.4,True
2023-09-10,1333.4,True
2023-09-11,1333.4,False
2023-09-12,1332.4,False
2023-09-13,1326.1,False
2023-09-14,1327.8,False
2023-09-15,1326.1,False
2023-09-16,1327.6,True
2023-09-17,1327.6,True
2023-09-18,1327.6,False
2023-09-19,1326.0,False
2023-09-20,1323.7,False
2023-09-21,1329.3,False
2023-09-22,1339.1,False
2023-09-23,1337.6,True
2023-09-24,1337.6,True
2023-09-25,1337.6,False
2023-09-26,1333.7,False
2023-09-27,1344.8,False
2023-09-28,1351.3,True
2023-09-29,1351.3,True
2023-09-30,1351.3,True
2023-10-01,1351.3,True
2023-10-02,1351.3,True
2023-10-03,1351.3,True
2023-10-04,1351.3,False
2023-10-05,1360.6,False
2023-10-06,1349.4,False
2023-10-07,1348.3,True
2023-10-08,1348.3,True
2023-10-09,1348.3,True
2023-10-10,1348.3,False
2023-10-11,1348.3,False
2023-10-12,1339.6,False
2023-10-13,1339.9,False
2023-10-14,1349.4,True
2023-10-15,1349.4,True
2023-10-16,1349.4,False
2023-10-17,1353.8,False
2023-10-18,1351.9,False
2023-10-19,1351.7,False
2023-10-20,1357.6,False
2023-10-21,1355.1,True
2023-10-22,1355.1,True
2023-10-23,1355.1,False
2023-10-24,1353.2,False
2023-10-25,1343.9,False
2023-10-26,1347.0,False
2023-10-27,1357.1,False
2023-10-28,1352.3,True
2023-10-29,1352.3,True
2023-10-30,1352.3,False
2023-10-31,1352.8,False
2023-11-01,1349.6,False
2023-11-02,1356.9,False
2023-11-03,1343.2,False
2023-11-04,1325.8,True
2023-11-05,1325.8,True
2023-11-06,1325.8,False
2023-11-07,1303.2,False
2023-11-08,1306.1,False
2023-11-09,1305.5,False
2023-11-10,1309.0,False
2023-11-11,1316.7,True
2023-11-12,1316.7,True
2023-11-13,1316.7,False
2023-11-14,1322.7,False
2023-11-15,1325.3,False
2023-11-16,1302.0,False
2023-11-17,1303.9,False
2023-11-18,1294.4,True
2023-11-19,1294.4,True
2023-11-20,1294.4,False
2023-11-21,1292.4,False
2023-11-22,1287.7,False
2023-11-23,1295.7,False
2023-11-24,1298.7,False
2023-11-25,1302.1,True
2023-11-26,1302.1,True
2023-11-27,1302.1,False
2023-11-28,1304.7,False
2023-11-29,1294.0,False
2023-11-30,1289.0,False
2023-12-01,1290.4,False
2023-12-02,1303.2,True
2023-12-03,1303.2,True
2023-12-04,1303.2,False
2023-12-05,1301.8,False
2023-12-06,1311.7,False
2023-12-07,1312.4,False
2023-12-08,1322.7,False
2023-12-09,1307.9,True
2023-12-10,1307.9,True
2023-12-11,1307.9,False
2023-12-12,1318.3,False
2023-12-13,1315.7,False
2023-12-14,1316.5,False
2023-12-15,1295.6,False
2023-12-16,1294.7,True
2023-12-17,1294.7,True
2023-12-18,1294.7,False
2023-12-19,1298.7,False
2023-12-20,1304.7,False
2023-12-21,1300.2,False
2023-12-22,1303.8,False
2023-12-23,1300.7,True
2023-12-24,1300.7,True
2023-12-25,1300.7,True
2023-12-26,1300.7,False
2023-12-27,1296.8,False
2023-12-28,1294.4,False
2023-12-29,1289.4,False
2023-12-30,1289.4,True
2023-12-31,1289.4,True
2024-01-01,1289.4,True
2024-01-02,1289.4,False
2024-01-03,1299.3,False
2024-01-04,1308.8,False
2024-01-05,1310.2,False
2024-01-06,1313.7,True
2024-01-07,1313.7,True
2024-01-08,1313.7,False
2024-01-09,1314.8,False
2024-01-10,1312.1,False
2024-01-11,1320.1,False
2024-01-12,1316.0,False
2024-01-13,1314.1,True
2024-01-14,1314.1,True
2024-01-15,1314.1,False
2024-01-16,1319.3,False
2024-01-17,1329.0,False
2024-01-18,1343.2,False
2024-01-19,1342.4,False
2024-01-20,1336.5,True
2024-01-21,1336.5,True
2024-01-22,1336.5,False
2024-01-23,1334.7,False
2024-01-24,1336.0,False
2024-01-25,1339.1,False
2024-01-26,1335.7,False
2024-01-27,1336.6,True
2024-01-28,1336.6,True
2024-01-29,1336.6,False
2024-01-30,1336.9,False
2024-01-31,1330.6,False
2024-02-01,1333.5,False
2024-02-02,1332.5,False
2024-02-03,1325.1,True
2024-02-04,1325.1,True
2024-02-05,1325.1,False
2024-02-06,1334.6,False
2024-02-07,1329.6,False
2024-02-08,1325.3,False
2024-02-09,1327.2,True
2024-02-10,1327.2,True
2024-02-11,1327.2,True
2024-02-12,1327.2,True
2024-02-13,1327.2,False
2024-02-14,1328.4,False
2024-02-15,1336.9,False
2024-02-16,1333.2,False
2024-02-17,1333.0,True
2024-02-18,1333.0,True
2024-02-19,1333.0,False
2024-02-20,1333.8,False
2024-02-21,1337.9,False
2024-02-22,1335.0,False
2024-02-23,1331.0,False
2024-02-24,1329.3,True
2024-02-25,1329.3,True
2024-02-26,1329.3,False
2024-02-27,1331.4,False
2024-02-28,1331.3,False
2024-02-29,1334.0,False
2024-03-01,1334.1,True
2024-03-02,1334.1,True
2024-03-03,1334.1,True
2024-03-04,1334.1,False
2024-03-05,1330.1,False
2024-03-06,1333.2,False
2024-03-07,1335.7,False
2024-03-08,1329.6,False
2024-03-09,1323.1,True
2024-03-10,1323.1,True
2024-03-11,1323.1,False
2024-03-12,1314.4,False
2024-03-13,1311.1,False
2024-03-14,1312.8,False
2024-03-15,1316.9,False
2024-03-16,1328.4,True
2024-03-17,1328.4,True
2024-03-18,1328.4,False
2024-03-19,1333.0,False
2024-03-20,1338.5,False
2024-03-21,1338.7,False
2024-03-22,1326.3,False
2024-03-23,1336.1,True
2024-03-24,1336.1,True
2024-03-25,1336.1,False
2024-03-26,1340.7,False
2024-03-27,1338.6,False
2024-03-28,1345.8,False
2024-03-29,1346.8,False
2024-03-30,1347.4,True
2024-03-31,1347.4,True
2024-04-01,1347.4,False
2024-04-02,1347.1,False
2024-04-03,1353.0,False
2024-04-04,1349.1,False
2024-04-05,1346.8,False
2024-04-06,1351.8,True
2024-04-07,1351.8,True
2024-04-08,1351.8,False
2024-04-09,1353.6,False
2024-04-10,1354.4,True
2024-04-11,1354.4,False
2024-04-12,1363.7,False
2024-04-13,1371.6,True
2024-04-14,1371.6,True
2024-04-15,1371.6,False
2024-04-16,1383.7,False
2024-04-17,1395.3,False
2024-04-18,1386.3,False
2024-04-19,1375.9,False
2024-04-20,1385.0,True
2024-04-21,1385.0,True
2024-04-22,1385.0,False
2024-04-23,1380.6,False
2024-04-24,1377.9,False
2024-04-25,1370.0,False
2024-04-26,1376.6,False
2024-04-27,1375.9,True
2024-04-28,1375.9,True
2024-04-29,1375.9,False
2024-04-30,1378.7,False
2024-05-01,1378.0,True
2024-05-02,1378.0,False
2024-05-03,1378.5,False
2024-05-04,1365.2,True
2024-05-05,1365.2,True
2024-05-06,1365.2,True
2024-05-07,1365.2,False
2024-05-08,1357.8,False
2024-05-09,1364.4,False
2024-05-10,1367.9,False
2024-05-11,1367.9,True
2024-05-12,1367.9,True
2024-05-13,1367.9,False
2024-05-14,1370.1,False
2024-05-15,1369.0,True
2024-05-16,1369.0,False
2024-05-17,1349.4,False
2024-05-18,1355.2,True
2024-05-19,1355.2,True
2024-05-20,1355.2,False
2024-05-21,1356.2,False
2024-05-22,1364.4,False
2024-05-23,1363.1,False
2024-05-24,1364.5,False
2024-05-25,1370.0,True
2024-05-26,1370.0,True
2024-05-27,1370.0,False
2024-05-28,1365.4,False
2024-05-29,1359.5,False
2024-05-30,1364.8,False
2024-05-31,1376.5,False
2024-06-01,1381.6,True
2024-06-02,1381.6,True
2024-06-03,1381.6,False
2024-06-04,1377.6,False
2024-06-05,1373.1,False
2024-06-06,1371.5,True
2024-06-07,1371.5,False
2024-06-08,1366.9,True
2024-06-09,1366.9,True
2024-06-10,1366.9,False
2024-06-11,1377.9,False
2024-06-12,1377.4,False
2024-06-13,1377.8,False
2024-06-14,1371.0,False
2024-06-15,1377.7,True
2024-06-16,1377.7,True
2024-06-17,1377.7,False
2024-06-18,1380.4,False
2024-06-19,1380.5,False
2024-06-20,1380.8,False
2024-06-21,1383.8,False
2024-06-22,1389.1,True
2024-06-23,1389.1,True
2024-06-24,1389.1,False
2024-06-25,1389.7,False
2024-06-26,1386.4,False
2024-06-27,1390.1,False
2024-06-28,1389.2,False
2024-06-29,1382.4,True
2024-06-30,1382.4,True
2024-07-01,1382.4,False
2024-07-02,1380.8,False
2024-07-03,1387.4,False
2024-07-04,1389.4,False
2024-07-05,1381.9,False
2024-07-06,1379.0,True
2024-07-07,1379.0,True
2024-07-08,1379.0,False
2024-07-09,1379.4,False
2024-07-10,1383.4,False
2024-07-11,1385.6,False
2024-07-12,1380.1,False
2024-07-13,1376.3,True
2024-07-14,1376.3,True
2024-07-15,1376.3,False
2024-07-16,1381.9,False
2024-07-17,1386.0,False
2024-07-18,1381.5,False
2024-07-19,1379.9,False
2024-07-20,1386.6,True
2024-07-21,1386.6,True
2024-07-22,1386.6,False
2024-07-23,1388.6,False
2024-07-24,1385.1,False
2024-07-25,1385.1,False
2024-07-26,1385.4,False
2024-07-27,1385.4,True
2024-07-28,1385.4,True
2024-07-29,1385.4,False
2024-07-30,1382.0,False
2024-07-31,1384.6,False
2024-08-01,1380.1,False
2024-08-02,1365.9,False
2024-08-03,1372.8,True
2024-08-04,1372.8,True
2024-08-05,1372.8,False
2024-08-06,1360.6,False
2024-08-07,1372.2,False
2024-08-08,1376.4,False
2024-08-09,1377.7,False
2024-08-10,1369.4,True
2024-08-11,1369.4,True
2024-08-12,1369.4,False
2024-08-13,1367.7,False
2024-08-14,1370.3,False
2024-08-15,1361.4,False
2024-08-16,1361.4,False
2024-08-17,1360.1,True
2024-08-18,1360.1,True
2024-08-19,1360.1,False
2024-08-20,1337.8,False
2024-08-21,1332.0,False
2024-08-22,1332.4,False
2024-08-23,1335.9,False
2024-08-24,1340.1,True
2024-08-25,1340.1,True
2024-08-26,1340.1,False
2024-08-27,1323.9,False
2024-08-28,1330.4,False
2024-08-29,1334.7,False
2024-08-30,1335.3,False
2024-08-31,1334.8,True
2024-09-01,1334.8,True
2024-09-02,1334.8,False
2024-09-03,1338.8,False
2024-09-04,1341.0,False
2024-09-05,1342.0,False
2024-09-06,1335.8,False
2024-09-07,1330.4,True
2024-09-08,1330.4,True
2024-09-09,1330.4,False
2024-09-10,1339.5,False
2024-09-11,1344.3,False
2024-09-12,1340.3,False
2024-09-13,1339.6,False
2024-09-14,1331.0,True
2024-09-15,1331.0,True
2024-09-16,1331.0,True
2024-09-17,1331.0,True
2024-09-18,1331.0,True
2024-09-19,1331.0,False
2024-09-20,1331.8,False
2024-09-21,1329.9,True
2024-09-22,1329.9,True
2024-09-23,1329.9,False
2024-09-24,1335.5,False
2024-09-25,1334.3,False
2024-09-26,1328.4,False
2024-09-27,1329.7,False
2024-09-28,1319.6,True
2024-09-29,1319.6,True
2024-09-30,1319.6,False
2024-10-01,1306.9,True
2024-10-02,1306.9,False
2024-10-03,1320.1,True
2024-10-04,1320.1,False
2024-10-05,1333.3,True
2024-10-06,1333.3,True
2024-10-07,1333.3,False
2024-10-08,1346.5,False
2024-10-09,1347.8,True
2024-10-10,1347.8,False
2024-10-11,1349.4,False
2024-10-12,1348.6,True
2024-10-13,1348.6,True
2024-10-14,1348.6,False
2024-10-15,1354.9,False
2024-10-16,1360.4,False
2024-10-17,1363.7,False
2024-10-18,1366.5,False
2024-10-19,1371.1,True
2024-10-20,1371.1,True
2024-10-21,1371.1,False
2024-10-22,1370.4,False
2024-10-23,1380.1,False
2024-10-24,1382.0,False
2024-10-25,1380.5,False
2024-10-26,1384.4,True
2024-10-27,1384.4,True
2024-10-28,1384.4,False
2024-10-29,1387.0,False
2024-10-30,1383.1,False
2024-10-31,1383.3,False
2024-11-01,1379.3,False
2024-11-02,1377.9,True
2024-11-03,1377.9,True
2024-11-04,1377.9,False
2024-11-05,1371.3,False
2024-11-06,1377.8,False
2024-11-07,1391.5,False
2024-11-08,1399.1,False
2024-11-09,1385.4,True
2024-11-10,1385.4,True
2024-11-11,1385.4,False
2024-11-12,1395.3,False
2024-11-13,1401.1,False
2024-11-14,1407.3,False
2024-11-15,1406.4,False
2024-11-16,1402.8,True
2024-11-17,1402.8,True
2024-11-18,1402.8,False
2024-11-19,1392.6,False
2024-11-20,1392.0,False
2024-11-21,1391.6,False
2024-11-22,1398.1,False
2024-11-23,1400.5,True
2024-11-24,1400.5,True
2024-11-25,1400.5,False
2024-11-26,1398.2,False
2024-11-27,1401.2,False
2024-11-28,1396.8,False
2024-11-29,1394.7,False
2024-11-30,1395.1,True
2024-12-01,1395.1,True
2024-12-02,1395.1,False
2024-12-03,1402.0,False
2024-12-04,1403.4,False
2024-12-05,1413.0,False
2024-12-06,1414.9,False
2024-12-07,1419.4,True
2024-12-08,1419.4,True
2024-12-09,1419.4,False
2024-12-10,1433.2,False
2024-12-11,1428.1,False
2024-12-12,1431.4,False
2024-12-13,1431.5,False
2024-12-14,1432.7,True
2024-12-15,1432.7,True
2024-12-16,1432.7,False
2024-12-17,1434.9,False
2024-12-18,1436.6,False
2024-12-19,1436.8,False
2024-12-20,1449.7,False
2024-12-21,1450.3,True
2024-12-22,1450.3,True
2024-12-23,1450.3,False
2024-12-24,1449.3,False
2024-12-25,1453.6,True
2024-12-26,1453.6,False
2024-12-27,1462.9,False
2024-12-28,1474.1,True
2024-12-29,1474.1,True
2024-12-30,1474.1,False
2024-12-31,1470.0,False
2025-01-01,1470.0,True
2025-01-02,1470.0,False
2025-01-03,1468.3,False
2025-01-04,1466.8,True
2025-01-05,1466.8,True
2025-01-06,1466.8,False
2025-01-07,1470.8,False
2025-01-08,1455.4,False
2025-01-09,1453.2,False
2025-01-10,1458.2,False
2025-01-11,1460.7,True
2025-01-12,1460.7,True
2025-01-13,1460.7,False
2025-01-14,1471.3,False
2025-01-15,1463.3,False
2025-01-16,1460.2,False
2025-01-17,1454.7,False
2025-01-18,1455.8,True
2025-01-19,1455.8,True
2025-01-20,1455.8,False
2025-01-21,1453.0,False
2025-01-22,1437.9,False
2025-01-23,1434.3,False
2025-01-24,1437.1,False
2025-01-25,1433.3,True
2025-01-26,1433.3,True
2025-01-27,1433.3,True
2025-01-28,1433.3,True
2025-01-29,1433.3,True
2025-01-30,1433.3,True
2025-01-31,1433.3,False
2025-02-01,1453.0,True
2025-02-02,1453.0,True
2025-02-03,1453.0,False
2025-02-04,1469.2,False
2025-02-05,1460.8,False
2025-02-06,1450.0,False
2025-02-07,1447.1,False
2025-02-08,1447.4,True
2025-02-09,1447.4,True
2025-02-10,1447.4,False
2025-02-11,1453.4,False
2025-02-12,1453.5,False
2025-02-13,1452.6,False
2025-02-14,1450.5,False
2025-02-15,1443.3,True
2025-02-16,1443.3,True
2025-02-17,1443.3,False
2025-02-18,1441.1,False
2025-02-19,1443.9,False
2025-02-20,1440.6,False
2025-02-21,1439.4,False
2025-02-22,1434.1,True
2025-02-23,1434.1,True
2025-02-24,1434.1,False
2025-02-25,1429.2,False
2025-02-26,1430.7,False
2025-02-27,1431.8,False
2025-02-28,1439.6,False
2025-03-01,1458.7,True
2025-03-02,1458.7,True
2025-03-03,1458.7,True
2025-03-04,1458.7,False
2025-03-05,1459.6,False
2025-03-06,1456.0,False
2025-03-07,1441.6,False
2025-03-08,1446.3,True
2025-03-09,1446.3,True
2025-03-10,1446.3,False
2025-03-11,1451.5,False
2025-03-12,1457.9,False
2025-03-13,1452.0,False
2025-03-14,1451.9,False
2025-03-15,1454.8,True
2025-03-16,1454.8,True
2025-03-17,1454.8,False
2025-03-18,1448.0,False
2025-03-19,1447.1,False
2025-03-20,1452.3,False
2025-03-21,1459.2,False
2025-03-22,1466.9,True
2025-03-23,1466.9,True
2025-03-24,1466.9,False
2025-03-25,1466.9,False
2025-03-26,1469.6,False
2025-03-27,1465.3,False
2025-03-28,1466.8,False
2025-03-29,1466.5,True
2025-03-30,1466.5,True
2025-03-31,1466.5,False
2025-04-01,1470.6,False
2025-04-02,1471.7,False
2025-04-03,1467.8,False
2025-04-04,1467.0,False
2025-04-05,1439.3,True
2025-04-06,1439.3,True
2025-04-07,1439.3,False
2025-04-08,1465.9,False
2025-04-09,1470.2,False
2025-04-10,1482.9,False
2025-04-11,1458.5,False
2025-04-12,1450.8,True
2025-04-13,1450.8,True
2025-04-14,1450.8,False
2025-04-15,1427.4,False
2025-04-16,1423.3,False
2025-04-17,1427.4,False
2025-04-18,1419.9,False
2025-04-19,1421.5,True
2025-04-20,1421.5,True
2025-04-21,1421.5,False
2025-04-22,1418.9,False
2025-04-23,1422.6,False
2025-04-24,1426.6,False
2025-04-25,1430.2,False
2025-04-26,1434.6,True
2025-04-27,1434.6,True
2025-04-28,1434.6,False
2025-04-29,1439.3,False
2025-04-30,1438.5,False
2025-05-01,1426.9,True
2025-05-02,1426.9,False
2025-05-03,1426.6,True
2025-05-04,1426.6,True
2025-05-05,1426.6,True
2025-05-06,1426.6,True
2025-05-07,1426.6,False
2025-05-08,1394.1,False
2025-05-09,1396.0,False
2025-05-10,1405.6,True
2025-05-11,1405.6,True
2025-05-12,1405.6,False
2025-05-13,1400.4,False
2025-05-14,1413.7,False
2025-05-15,1415.8,False
2025-05-16,1399.6,False
2025-05-17,1394.3,True
2025-05-18,1394.3,True
2025-05-19,1394.3,False
2025-05-20,1398.0,False
2025-05-21,1392.6,False
2025-05-22,1387.1,False
2025-05-23,1378.4,False
2025-05-24,1376.9,True
2025-05-25,1376.9,True
2025-05-26,1376.9,False
2025-05-27,1365.0,False
2025-05-28,1368.3,False
2025-05-29,1374.6,False
2025-05-30,1381.4,False
2025-05-31,1375.7,True
2025-06-01,1375.7,True
2025-06-02,1375.7,False
2025-06-03,1376.9,True
2025-06-04,1376.9,False
2025-06-05,1373.8,False
2025-06-06,1359.0,True
2025-06-07,1359.0,True
2025-06-08,1359.0,True
2025-06-09,1359.0,False
2025-06-10,1358.9,False
2025-06-11,1359.9,False
2025-06-12,1368.8,False
2025-06-13,1362.9,False
2025-06-14,1366.8,True
2025-06-15,1366.8,True
2025-06-16,1366.8,False
2025-06-17,1363.6,False
2025-06-18,1361.7,False
2025-06-19,1373.2,False
2025-06-20,1379.6,False
2025-06-21,1369.4,True
2025-06-22,1369.4,True
2025-06-23,1369.4,False
2025-06-24,1381.9,False
2025-06-25,1365.0,False
2025-06-26,1360.9,False
2025-06-27,1357.6,False
2025-06-28,1356.4,True
2025-06-29,1356.4,True
2025-06-30,1356.4,False
2025-07-01,1353.6,False
2025-07-02,1352.6,False
2025-07-03,1359.4,False
2025-07-04,1358.1,False
2025-07-05,1364.2,True
2025-07-06,1364.2,True
2025-07-07,1364.2,False
2025-07-08,1366.6,False
2025-07-09,1368.0,False
2025-07-10,1373.8,False
2025-07-11,1373.0,False
2025-07-12,1374.7,True
2025-07-13,1374.7,True
2025-07-14,1374.7,False
2025-07-15,1378.5,False
2025-07-16,1382.7,False
2025-07-17,1387.1,False
2025-07-18,1390.8,False
2025-07-19,1391.9,True
2025-07-20,1391.9,True
2025-07-21,1391.9,False
2025-07-22,1391.1,False
2025-07-23,1386.3,False
2025-07-24,1379.1,False
2025-07-25,1368.7,False
2025-07-26,1376.0,True
2025-07-27,1376.0,True
2025-07-28,1376.0,False
2025-07-29,1379.6,False
2025-07-30,1391.4,False
2025-07-31,1382.9,False
2025-08-01,1390.4,False
2025-08-02,1399.3,True
2025-08-03,1399.3,True
2025-08-04,1399.3,False
2025-08-05,1384.9,False
2025-08-06,1386.7,False
2025-08-07,1389.5,False
2025-08-08,1384.2,False
2025-08-09,1386.0,True
2025-08-10,1386.0,True
2025-08-11,1386.0,False
2025-08-12,1388.3,False
2025-08-13,1390.2,False
2025-08-14,1383.8,False
2025-08-15,1382.2,True
2025-08-16,1382.2,True
2025-08-17,1382.2,True
2025-08-18,1382.2,False
2025-08-19,1385.3,False
2025-08-20,1389.4,False
2025-08-21,1397.5,False
2025-08-22,1398.1,False
2025-08-23,1395.6,True
2025-08-24,1395.6,True
2025-08-25,1395.6,False
2025-08-26,1386.3,False
2025-08-27,1391.2,False
2025-08-28,1395.7,False
2025-08-29,1388.6,False
2025-08-30,1387.7,True
2025-08-31,1387.7,True
2025-09-01,1387.7,False
2025-09-02,1392.4,False
2025-09-03,1392.2,False
2025-09-04,1393.8,False
2025-09-05,1392.7,False
2025-09-06,1391.8,True
2025-09-07,1391.8,True
2025-09-08,1391.8,False
2025-09-09,1390.4,False
2025-09-10,1386.6,False
2025-09-11,1387.6,False
2025-09-12,1389.4,False
2025-09-13,1388.7,True
2025-09-14,1388.7,True
2025-09-15,1388.7,False
2025-09-16,1389.5,False
2025-09-17,1382.3,False
2025-09-18,1380.0,False
2025-09-19,1384.6,False
2025-09-20,1393.6,True
2025-09-21,1393.6,True
2025-09-22,1393.6,False
2025-09-23,1394.0,False
2025-09-24,1393.8,False
2025-09-25,1394.9,False
2025-09-26,1400.4,False
2025-09-27,1411.6,True
2025-09-28,1411.6,True
2025-09-29,1400.329747160769,False
2025-09-30,1402.2,False
2025-10-01,1402.819477718091,False
2025-10-02,1406.0,False
2025-10-03,1407.5700087810667,False
2025-10-04,1407.5700087810667,False
2025-10-05,1407.0595684839047,False
2025-10-06,1410.9199786846664,False
2025-10-07,1410.9199786846664,True
2025-10-08,1423.5206184015826,False
2025-10-09,1423.5206184015826,True
2025-10-10,1429.540963937344,False
2025-10-11,1429.540963937344,False
2025-10-12,1429.540963937344,True
